{"fullscreen":true,"width":240,"height":240,"scale":2,"startScene":"main","version":"0.5.0","clearColor":[0.07450980392156863,0.06274509803921569,0.07450980392156863,1]}